지점이름,지점번호,시간,2021.12.31,2021.12.30,2021.12.29,2021.12.28,2021.12.27,2021.12.26,2021.12.25,2021.12.24,2021.12.23,2021.12.22,2021.12.21,2021.12.20,2021.12.19,2021.12.18,2021.12.17,2021.12.16,2021.12.15,2021.12.14,2021.12.13,2021.12.12,2021.12.11,2021.12.10,2021.12.09,2021.12.08,2021.12.07,2021.12.06,2021.12.05
name,target,time,fri_4,thu_4,wed_4,tue_4,mon_4,sun_4,sat_3,fri_3,thu_3,wed_3,tue_3,mon_3,sun_3,sat_2,fri_2,thu_2,wed_2,tue_2,mon_2,sun_2,sat_1,fri_1,thu_1,wed_1,tue_1,mon_1,sun_1
송파IC→서하남IC,1,00H,800,745,740,682,688,611,972,795,764,753,732,571,485,"1,072",847,0,828,799,727,918,"1,215",967,741,"1,000",850,712,836
송파IC→서하남IC,1,01H,585,545,558,565,479,407,675,577,544,557,551,444,347,739,640,0,591,584,522,621,787,693,558,682,667,497,541
송파IC→서하남IC,1,02H,503,427,402,449,393,264,501,540,448,446,481,370,309,540,505,0,468,463,414,438,616,517,453,497,528,417,387
송파IC→서하남IC,1,03H,496,453,456,453,411,228,459,509,465,481,441,361,228,474,477,0,441,460,433,341,527,539,456,510,511,396,303
송파IC→서하남IC,1,04H,662,661,684,714,710,260,564,716,724,728,688,636,250,610,725,0,668,692,720,425,721,775,653,725,783,726,359
송파IC→서하남IC,1,05H,"1,354","1,640","1,751","1,860","2,038",422,"1,029","1,855","1,917","1,952","1,944","2,174",415,"1,384","1,724",0,"1,772","1,948","2,374",834,"1,711","2,108","1,957","1,212","2,274","2,315",715
송파IC→서하남IC,1,06H,"2,915","3,516","3,651","3,887","4,358",740,"1,912","3,836","3,914","4,029","3,975","3,719",719,"2,339","3,586",0,"3,922","4,047","4,553","1,552","2,929","4,047","4,019","3,308","3,780","4,397","1,316"
송파IC→서하남IC,1,07H,"4,652","5,229","5,043","5,629","5,691","1,183","2,409","5,203","5,710","5,666","5,610","5,212","1,134","3,078","5,091",0,"5,327","5,474","5,786","2,199","3,682","5,563","5,640","5,623","4,954","5,559","1,882"
송파IC→서하남IC,1,08H,"4,890","5,543","5,209","5,341","4,963","1,790","3,296","5,613","5,835","5,690","5,729","5,108","1,689","4,097","4,938",0,"5,476","5,538","5,407","2,681","4,811","5,481","5,637","5,502","5,761","5,462","2,659"
송파IC→서하남IC,1,09H,"4,843","5,469","5,216","5,544","4,909","2,657","4,580","5,370","5,713","5,579","5,474","5,169","2,675","5,146","5,078",0,"5,153","5,465","5,072","3,631","5,880","5,372","5,600","5,541","5,312","5,145","3,716"
송파IC→서하남IC,1,10H,"5,058","5,204","5,521","5,885","5,270","3,614","5,507","5,913","4,572","5,559","5,733","5,421","3,707","4,676","5,278",0,"5,465","5,679","5,167","4,988","5,387","5,399","5,777","5,524","5,418","5,662","4,892"
송파IC→서하남IC,1,11H,"5,453","5,098","5,412","5,461","5,004","4,356","5,215","5,766","5,167","5,704","5,796","5,463","4,223","4,515","5,109",0,"5,638","5,532","5,501","5,264","5,050","5,516","5,629","5,028","5,553","5,353","4,954"
송파IC→서하남IC,1,12H,"5,383","5,081","5,376","5,148","3,982","4,438","4,441","5,833","5,120","5,178","5,368","4,882","4,501","4,885","5,417",0,"5,052","4,903","4,837","5,381","5,002","5,430","5,044","4,467","4,783","4,895","5,301"
송파IC→서하남IC,1,13H,"5,386","5,703","5,269","5,210","5,072","4,445","4,970","5,684","5,348","4,894","5,220","5,076","4,455","5,760","5,509",0,"4,877","4,524","4,338","5,365","5,217","5,604","5,266","4,683","4,504","4,940","5,514"
송파IC→서하남IC,1,14H,"6,092","5,762","5,625","5,804","5,538","4,804","5,293","5,712","5,631","5,133","5,256","5,191","4,465","5,457","4,858",0,"5,347","5,447","4,665","5,540","5,464","5,809","5,620","4,993","4,554","5,537","5,361"
송파IC→서하남IC,1,15H,"5,113","5,282","5,458","5,659","5,949","4,835","4,931","5,843","6,100","5,348","4,585","5,762","3,915","4,863","4,870",0,"5,781","5,697","5,263","5,409","5,546","5,615","5,794","4,926","5,236","5,322","5,071"
송파IC→서하남IC,1,16H,"4,838","5,248","5,649","5,605","5,929","4,988","5,130","4,970","6,157","5,638","5,433","5,901","4,053","3,762","4,743",0,"5,854","5,624","5,467","5,107","5,922","5,110","5,915","5,557","5,806","5,936","5,123"
송파IC→서하남IC,1,17H,"4,579","4,375","4,773","4,990","5,297","4,201","4,301","4,338","5,174","5,480","5,310","5,130","3,790","3,665","4,232",0,"5,184","4,879","4,701","4,671","5,376","4,343","5,093","4,934","5,100","5,242","4,651"
송파IC→서하남IC,1,18H,"4,112","3,450","3,620","3,971","4,302","2,380","3,179","3,862","3,641","4,012","4,455","4,554","2,799","2,967","3,434",0,"4,373","4,133","3,824","3,462","4,521","3,875","4,359","4,426","4,277","4,520","3,761"
송파IC→서하남IC,1,19H,"4,233","3,753","3,638","3,733","3,815","2,423","2,235","3,988","3,923","3,638","3,819","4,208","2,123","2,412","3,308",0,"4,060","3,897","3,727","2,728","3,549","4,106","3,941","4,206","4,084","4,071","3,227"
송파IC→서하남IC,1,20H,"3,980","3,410","3,523","3,551","3,215","2,478","2,286","4,185","4,199","3,916","3,880","3,393","2,138","1,857","3,498",0,"3,642","3,427","3,126","2,679","3,134","4,103","3,808","3,786","3,500","3,699","2,724"
송파IC→서하남IC,1,21H,"4,439","3,440","3,309","3,040","2,888","2,513","2,480","4,321","3,715","3,392","3,583","2,922","2,120","1,900","3,441",0,"2,933","2,698","2,398","2,365","2,908","4,399","3,132","2,833","3,003","2,913","2,360"
송파IC→서하남IC,1,22H,"3,029","2,366","2,197","2,031","1,866","1,760","1,833","3,292","2,509","2,124","2,159","1,892","1,532","1,317","2,868",0,"2,100","1,973","1,793","1,774","2,261","3,319","2,237","1,904","2,374","2,193","1,739"
송파IC→서하남IC,1,23H,"1,651","1,274","1,181","1,124","1,024","1,074","1,052","1,642","1,119","1,217","1,184","1,059",912,765,"1,723",0,"1,351","1,241","1,105","1,167","1,490","1,944","1,430","1,041","1,515","1,330","1,067"
하남JC→상일IC,2,00H,"2,233","2,109","2,072","1,883","1,917","1,504","2,494","2,284","2,042","2,014","1,900","1,807","1,293","2,874","2,323",0,"2,047","2,107","2,025","2,077","2,917","2,349","2,264","2,119","1,964","2,155","2,254"
하남JC→상일IC,2,01H,"1,591","1,467","1,424","1,286","1,201",899,"1,538","1,551","1,441","1,398","1,448","1,160",927,"1,982","1,740",0,"1,407","1,522","1,411","1,241","1,850","1,732","1,599","1,578","1,435","1,475","1,326"
하남JC→상일IC,2,02H,"1,324","1,236","1,179","1,231","1,029",575,"1,243","1,260","1,250","1,162","1,212",956,609,"1,436","1,336",0,"1,258","1,340","1,093",926,"1,614","1,316","1,331","1,245","1,307","1,164",877
하남JC→상일IC,2,03H,"1,345","1,221","1,206","1,087",915,449,"1,105","1,335","1,191","1,188","1,132",948,438,"1,282","1,305",0,"1,198","1,222","1,075",630,"1,404","1,432","1,214","1,212","1,260","1,075",681
하남JC→상일IC,2,04H,"1,592","1,645","1,682","1,648","1,445",465,"1,218","1,805","1,649","1,678","1,655","1,522",485,"1,483","1,718",0,"1,671","1,727","1,774",839,"1,708","1,890","1,736","1,757","1,733","1,914",708
하남JC→상일IC,2,05H,"2,767","3,166","3,177","3,340","3,629",762,"2,072","3,703","3,727","3,657","3,512","4,026",802,"2,806","3,664",0,"3,450","3,824","4,413","1,522","3,397","4,177","3,938","2,845","3,917","4,789","1,572"
하남JC→상일IC,2,06H,"5,741","6,872","6,594","6,912","7,540","1,502","3,742","7,127","7,431","7,326","7,318","7,615","1,461","4,945","7,225",0,"7,186","7,387","8,614","2,770","6,122","7,644","7,768","6,503","7,084","8,936","2,925"
하남JC→상일IC,2,07H,"8,185","9,440","9,224","9,687","9,917","2,235","4,386","9,611","10,040","10,007","9,966","9,206","2,269","6,113","9,792",0,"9,575","9,961","10,326","3,835","7,209","10,251","10,298","10,314","8,994","10,569","3,725"
하남JC→상일IC,2,08H,"9,337","10,607","10,308","10,247","10,240","3,338","5,740","9,676","11,036","11,057","11,006","9,582","3,280","8,031","10,906",0,"10,805","11,423","10,710","5,071","8,839","11,103","11,229","10,951","11,351","10,879","5,063"
하남JC→상일IC,2,09H,"9,860","11,292","10,961","11,446","10,518","5,524","8,696","11,211","11,758","11,609","11,400","10,740","5,289","10,400","11,116",0,"11,358","11,622","10,667","7,547","10,930","11,442","11,680","11,509","11,849","10,966","7,697"
하남JC→상일IC,2,10H,"11,267","11,625","11,231","12,153","11,761","8,339","10,406","11,934","10,661","11,735","11,738","11,512","7,888","10,907","11,818",0,"11,656","11,974","11,751","10,550","11,788","11,585","11,778","11,463","12,050","11,280","9,339"
하남JC→상일IC,2,11H,"11,478","11,503","11,061","11,793","11,819","10,661","10,414","11,537","11,499","11,128","11,626","11,784","10,224","11,370","11,688",0,"11,742","11,805","11,526","11,655","10,829","11,868","11,660","11,513","11,591","11,502","11,350"
하남JC→상일IC,2,12H,"10,822","11,973","11,724","12,055","10,771","11,120","10,831","12,196","10,789","10,729","11,756","9,828","11,197","11,442","11,612",0,"11,662","10,480","11,098","12,316","11,928","12,082","10,809","10,649","10,958","10,824","12,289"
하남JC→상일IC,2,13H,"11,495","12,396","12,134","11,974","11,662","11,262","10,463","11,727","12,538","11,336","11,924","11,114","11,717","12,982","12,038",0,"11,605","10,605","11,027","12,549","11,837","12,206","11,233","11,346","11,485","10,850","12,443"
하남JC→상일IC,2,14H,"12,061","12,923","12,346","12,574","12,361","11,947","10,514","12,303","12,498","12,978","11,724","10,848","11,287","11,445","12,470",0,"12,452","12,627","11,311","12,988","12,205","12,795","11,890","12,291","11,869","11,908","13,060"
하남JC→상일IC,2,15H,"11,450","12,138","12,705","12,601","12,469","12,497","11,546","12,201","12,899","12,581","12,025","12,327","9,983","11,774","12,522",0,"12,553","13,180","12,900","13,239","12,293","11,474","12,796","12,581","13,182","11,857","13,286"
하남JC→상일IC,2,16H,"9,317","11,832","12,481","13,015","12,417","12,220","10,701","9,708","12,791","12,964","12,485","12,725","11,739","8,226","11,222",0,"12,843","12,618","9,565","13,136","12,457","10,849","12,507","11,674","12,323","13,268","12,849"
하남JC→상일IC,2,17H,"8,004","7,703","8,937","8,780","9,759","11,585","9,887","7,679","8,943","8,841","8,549","9,662","11,127","9,397","8,012",0,"10,324","9,088","9,527","12,542","11,109","7,481","9,133","7,139","8,912","10,152","12,843"
하남JC→상일IC,2,18H,"8,220","7,692","7,569","7,957","8,772","9,387","8,007","8,079","8,144","8,378","8,079","8,126","7,965","9,679","7,628",0,"8,411","8,102","9,375","11,284","10,617","6,794","8,322","8,302","8,379","7,812","11,734"
하남JC→상일IC,2,19H,"9,288","8,685","10,106","9,900","9,011","7,635","6,017","8,847","9,960","10,318","10,218","9,447","7,059","9,783","8,208",0,"10,156","10,273","9,042","10,390","10,213","9,763","10,787","10,694","10,402","9,227","11,052"
하남JC→상일IC,2,20H,"9,926","9,531","8,548","8,573","7,473","6,979","5,940","9,699","10,829","9,709","8,962","7,727","6,533","5,793","11,098",0,"8,115","8,622","7,847","8,205","8,407","11,490","8,659","8,830","8,191","7,935","9,631"
하남JC→상일IC,2,21H,"10,250","8,482","7,876","7,264","6,522","6,907","6,041","10,807","8,684","8,009","7,547","6,787","6,102","5,040","10,639",0,"6,645","6,391","6,137","8,073","7,453","10,909","7,350","6,758","6,612","6,402","8,765"
하남JC→상일IC,2,22H,"7,468","5,920","5,395","5,001","4,416","4,881","4,533","8,029","4,729","5,217","5,149","4,505","4,727","3,528","8,025",0,"4,865","4,791","4,452","5,841","5,477","7,668","5,135","4,961","4,891","4,534","6,586"
하남JC→상일IC,2,23H,"4,088","3,437","3,042","2,954","2,585","3,208","2,523","3,876","3,374","3,163","3,052","2,808","2,904","1,994","4,724",0,"3,348","2,895","2,878","3,602","3,485","4,777","3,380","3,077","3,147","3,122","3,937"
강일IC→상일IC,3,00H,"1,206",979,947,804,830,715,"1,195","1,095","1,029",974,948,891,561,"1,394","1,310",0,"1,128",984,"1,019","1,276","1,368","1,245","1,227","1,098","1,122","1,191","1,133"
강일IC→상일IC,3,01H,820,743,713,630,582,474,792,796,750,755,692,657,415,877,952,0,843,731,744,831,"1,047",888,858,792,893,781,772
강일IC→상일IC,3,02H,700,633,640,516,513,310,588,756,732,650,634,560,353,634,787,0,740,647,611,559,835,807,757,714,727,707,585
강일IC→상일IC,3,03H,787,788,769,684,750,304,642,882,846,794,831,851,346,679,938,0,860,786,887,476,901,926,906,843,913,896,519
강일IC→상일IC,3,04H,"1,147","1,302","1,305","1,265","1,702",366,882,"1,416","1,473","1,521","1,530","1,995",400,"1,024","1,457",0,"1,532","1,421","2,055",659,"1,487","1,677","1,719","1,559","1,720","2,272",658
강일IC→상일IC,3,05H,"2,920","3,755","3,687","3,717","5,094",662,"1,810","4,002","4,268","4,176","4,315","5,328",787,"2,570","4,353",0,"4,106","4,359","5,719","1,504","3,607","4,624","4,605","4,601","4,645","6,119","1,588"
강일IC→상일IC,3,06H,"5,313","6,367","6,344","6,419","6,471","1,186","2,875","6,675","6,785","6,841","6,596","6,680","1,436","4,225","6,700",0,"6,660","6,710","6,537","2,574","5,683","6,927","7,020","6,993","6,811","6,698","2,660"
강일IC→상일IC,3,07H,"5,895","6,622","6,787","6,796","5,889","2,025","3,354","6,893","7,008","6,684","6,467","5,849","2,022","4,882","6,708",0,"6,628","6,327","5,857","3,003","5,782","7,295","6,727","6,635","6,213","6,236","2,938"
강일IC→상일IC,3,08H,"5,619","6,681","6,619","7,210","5,768","2,640","4,177","6,401","6,511","6,946","6,651","6,152","2,810","5,612","6,290",0,"6,809","6,764","6,414","3,880","6,165","6,786","7,046","6,350","6,444","6,964","3,909"
강일IC→상일IC,3,09H,"5,790","6,752","6,604","6,725","5,542","3,812","5,049","6,846","6,861","6,880","6,719","5,092","3,941","5,905","6,520",0,"6,435","6,706","6,489","5,381","6,692","7,230","6,868","6,777","7,037","6,932","5,452"
강일IC→상일IC,3,10H,"6,236","6,703","6,462","6,487","6,060","4,911","5,685","6,879","6,662","6,787","6,501","6,636","5,400","6,370","6,215",0,"6,273","6,793","6,372","6,617","6,678","6,391","6,647","6,605","6,651","6,584","6,606"
강일IC→상일IC,3,11H,"6,677","6,584","6,336","6,688","5,536","5,603","6,186","6,809","6,600","6,751","6,519","6,462","5,804","6,269","6,183",0,"6,337","6,698","6,266","6,559","6,607","6,498","6,740","6,861","6,180","6,708","6,439"
강일IC→상일IC,3,12H,"6,718","6,674","6,559","6,739","5,989","5,644","5,944","6,680","6,753","6,758","6,637","6,759","5,995","6,353","6,373",0,"6,434","6,312","5,974","6,292","6,567","6,595","6,277","6,712","6,600","6,547","6,822"
강일IC→상일IC,3,13H,"6,124","6,878","6,750","6,864","6,487","5,910","5,883","6,196","6,825","6,518","6,452","6,481","6,345","6,406","6,433",0,"6,318","6,336","6,284","6,438","6,521","6,811","6,252","6,468","6,740","6,813","7,082"
강일IC→상일IC,3,14H,"6,703","6,887","6,943","6,870","6,396","5,870","6,117","6,635","6,804","6,592","6,830","6,739","6,230","6,271","5,626",0,"6,818","6,622","6,296","6,423","6,591","6,841","6,583","6,960","6,338","7,060","7,125"
강일IC→상일IC,3,15H,"6,666","6,395","6,761","6,886","6,271","5,881","6,262","6,776","6,811","6,891","6,618","6,679","6,618","5,597","5,478",0,"7,135","6,799","7,075","6,620","6,739","6,439","6,862","6,917","6,714","7,108","6,740"
강일IC→상일IC,3,16H,"6,523","6,615","6,645","6,887","6,329","5,609","6,122","6,613","6,446","6,817","6,792","6,712","6,290","4,264","6,358",0,"6,837","6,742","6,565","6,447","6,709","6,478","6,609","6,775","7,040","6,925","6,973"
강일IC→상일IC,3,17H,"6,554","5,835","5,784","5,915","5,561","5,322","5,688","6,309","6,288","6,316","6,013","5,939","5,472","4,836","5,767",0,"6,138","5,890","5,804","6,323","6,583","6,226","6,293","5,948","6,098","6,317","6,792"
강일IC→상일IC,3,18H,"5,754","5,422","5,298","4,785","4,393","3,377","3,985","5,291","5,326","5,082","5,015","4,880","4,173","4,705","5,075",0,"4,970","4,879","4,923","5,292","5,564","5,319","5,156","5,079","5,067","4,904","5,769"
강일IC→상일IC,3,19H,"5,327","5,030","4,189","4,134","3,746","3,884","3,248","4,915","4,486","4,260","4,303","4,022","4,087","3,248","5,051",0,"4,099","4,171","3,976","5,039","4,384","5,415","4,186","4,238","4,031","4,186","5,269"
강일IC→상일IC,3,20H,"4,718","4,025","3,690","3,507","3,305","4,218","3,173","4,656","4,078","3,797","3,797","3,625","4,098","2,616","4,429",0,"3,507","3,312","3,278","5,012","3,965","4,379","3,580","3,446","3,630","3,523","5,064"
강일IC→상일IC,3,21H,"4,280","3,897","3,465","3,400","3,098","3,954","3,309","3,728","3,840","3,523","3,461","3,320","3,730","2,466","3,834",0,"3,066","2,820","2,716","4,357","3,654","4,080","3,048","3,073","2,979","3,103","4,423"
강일IC→상일IC,3,22H,"3,301","2,947","2,623","2,394","2,073","2,645","2,422","2,991","2,811","2,598","2,523","2,235","2,632","1,827","2,969",0,"2,498","2,282","2,009","2,786","2,971","3,206","2,628","2,526","2,455","2,439","3,263"
강일IC→상일IC,3,23H,"1,813","1,741","1,506","1,388","1,291","1,372","1,201","1,866","1,682","1,516","1,466","1,400","1,434",912,"2,016",0,"1,790","1,611","1,461","1,697","1,846","2,111","1,863","1,795","1,595","1,572","1,887"
상일IC→하남JC,4,00H,"1,261","1,053","1,004",973,"1,027",825,"1,296","1,183","1,134","1,090","1,027","1,028","1,068","1,544","1,256",0,"1,179","1,140","1,223","1,212","1,439","1,177","1,176","1,128","1,084","1,178","1,206"
상일IC→하남JC,4,01H,909,824,797,778,755,578,863,821,821,838,770,748,528,"1,022",901,0,856,880,892,814,"1,109",850,840,818,893,867,805
상일IC→하남JC,4,02H,754,703,693,617,652,397,632,800,786,697,687,634,402,756,767,0,762,756,732,573,857,790,761,718,737,749,604
상일IC→하남JC,4,03H,885,869,889,842,973,375,738,918,943,881,916,994,388,837,967,0,905,958,"1,071",550,973,963,939,919,925,"1,041",532
상일IC→하남JC,4,04H,"1,309","1,396","1,437","1,532","2,157",493,"1,052","1,507","1,583","1,658","1,597","2,300",466,"1,271","1,535",0,"1,616","1,671","2,525",714,"1,627","1,687","1,685","1,614","1,760","2,712",733
상일IC→하남JC,4,05H,"3,359","4,220","4,307","4,571","6,718",928,"2,177","4,666","4,869","4,946","4,957","6,698","1,017","3,080","4,874",0,"4,890","5,253","7,507","1,767","4,108","5,295","5,394","5,277","5,614","7,574","1,809"
상일IC→하남JC,4,06H,"6,677","8,008","7,919","8,149","8,694","1,606","3,714","8,360","8,608","8,481","8,252","8,743","1,783","5,423","8,661",0,"8,305","8,749","9,097","3,240","7,037","8,736","8,718","8,882","8,607","9,001","3,309"
상일IC→하남JC,4,07H,"7,521","8,585","8,364","8,263","7,842","2,525","4,340","9,006","8,598","8,474","8,002","7,604","2,429","6,359","9,115",0,"8,449","8,669","8,032","3,608","7,179","9,037","8,575","7,560","8,194","7,731","3,559"
상일IC→하남JC,4,08H,"6,482","7,425","7,304","8,071","7,553","3,268","5,391","7,490","7,377","8,039","7,809","6,924","3,074","7,002","8,032",0,"7,739","8,247","7,924","4,688","7,442","7,830","8,232","8,126","7,904","7,909","4,450"
상일IC→하남JC,4,09H,"7,244","8,141","7,560","7,895","7,662","4,730","6,477","7,949","8,203","8,229","8,043","6,438","4,432","8,031","8,429",0,"7,464","8,460","8,187","6,339","7,784","8,393","8,166","8,256","8,247","8,095","6,338"
상일IC→하남JC,4,10H,"7,128","7,283","7,399","7,659","7,219","5,520","6,795","7,866","7,881","7,556","7,739","7,661","5,829","8,203","8,053",0,"7,524","7,952","7,870","7,731","7,945","7,693","7,802","7,567","7,859","7,614","7,494"
상일IC→하남JC,4,11H,"7,003","7,182","7,231","7,535","6,887","6,245","7,112","7,635","7,585","7,421","7,461","7,316","6,431","7,902","7,812",0,"7,546","7,584","7,721","7,535","7,971","7,453","7,643","7,577","7,135","7,657","7,872"
상일IC→하남JC,4,12H,"7,039","7,277","7,182","7,363","7,102","6,730","6,039","7,476","7,457","7,447","7,373","7,362","6,917","8,084","7,683",0,"7,692","7,388","7,434","7,125","7,841","7,394","7,420","7,390","7,278","7,172","7,637"
상일IC→하남JC,4,13H,"7,348","7,254","7,153","7,380","7,436","7,236","6,960","7,145","7,608","7,637","7,267","7,321","7,369","7,682","7,594",0,"7,204","7,138","7,195","7,566","7,661","7,619","6,993","7,012","7,123","7,158","7,529"
상일IC→하남JC,4,14H,"7,337","7,194","7,239","7,215","7,367","7,147","7,032","7,393","7,121","7,338","7,195","7,498","7,310","7,707","6,736",0,"7,467","7,303","7,170","7,176","7,854","7,845","7,334","7,465","6,679","7,386","7,527"
상일IC→하남JC,4,15H,"7,368","6,667","7,329","7,360","7,252","7,337","7,122","7,374","6,793","7,545","7,371","7,431","7,319","6,745","7,088",0,"7,648","7,571","7,620","7,362","7,862","6,994","7,565","7,454","7,295","7,538","7,282"
상일IC→하남JC,4,16H,"7,147","6,635","6,689","6,858","7,108","6,952","6,895","7,113","6,398","7,163","7,252","7,409","7,041","4,342","7,708",0,"7,284","7,154","7,432","7,181","7,443","7,233","7,071","7,357","7,034","7,288","7,132"
상일IC→하남JC,4,17H,"6,894","6,695","6,761","6,754","6,797","6,628","6,267","7,210","7,000","6,812","6,545","6,578","6,404","5,275","7,307",0,"6,618","6,909","6,962","7,156","7,285","7,400","6,903","6,827","6,744","6,743","7,091"
상일IC→하남JC,4,18H,"6,863","6,377","5,862","5,570","5,510","5,614","4,585","6,419","6,631","6,346","6,118","5,517","4,945","5,760","6,351",0,"5,508","5,867","5,692","6,303","6,453","6,079","5,860","5,568","6,001","5,469","6,498"
상일IC→하남JC,4,19H,"6,333","5,510","4,557","4,659","4,503","5,445","3,671","5,947","4,958","4,527","4,707","4,392","4,624","3,574","6,420",0,"4,510","4,637","4,629","5,993","4,828","6,333","4,690","4,393","4,417","4,730","6,233"
상일IC→하남JC,4,20H,"5,657","4,444","3,939","3,942","3,711","5,443","3,611","5,514","4,368","4,194","4,017","3,889","4,717","2,982","5,757",0,"3,773","3,720","3,727","6,009","4,245","5,323","3,941","3,890","3,718","3,792","6,211"
상일IC→하남JC,4,21H,"4,945","4,273","3,810","3,722","3,435","5,125","3,780","4,551","4,106","3,645","3,592","3,431","4,402","2,834","4,665",0,"3,104","3,084","3,144","5,249","3,794","4,544","3,269","3,186","3,062","3,130","5,262"
상일IC→하남JC,4,22H,"3,734","2,828","2,548","2,481","2,209","3,157","2,690","3,226","2,788","2,543","2,485","2,173","2,948","1,992","3,261",0,"2,408","2,323","2,287","3,539","2,925","3,372","2,512","2,482","2,456","2,295","3,703"
상일IC→하남JC,4,23H,"1,999","1,703","1,531","1,483","1,470","1,730","1,483","1,940","1,703","1,517","1,534","1,446","1,662","1,069","2,204",0,"1,692","1,587","1,590","2,006","1,821","2,172","1,714","1,651","1,643","1,498","2,005"
성남IC→판교JC,5,00H,"1,041",925,816,818,853,796,"1,099",969,908,896,813,804,576,"1,474","1,220",0,985,960,996,"1,132","1,303","1,039",898,985,935,964,"1,171"
성남IC→판교JC,5,01H,720,652,639,567,590,534,777,692,660,612,597,579,432,940,826,0,732,650,673,725,962,760,676,724,674,728,757
성남IC→판교JC,5,02H,529,522,538,475,514,359,564,581,539,469,460,458,314,647,542,0,560,549,524,522,746,580,506,528,516,530,500
성남IC→판교JC,5,03H,581,548,575,503,630,298,568,545,575,555,557,566,315,599,662,0,584,588,641,428,743,619,622,603,596,639,443
성남IC→판교JC,5,04H,749,801,874,862,"1,205",324,700,944,926,947,902,"1,319",305,727,971,0,930,926,"1,482",452,"1,006",994,942,981,963,"1,451",451
성남IC→판교JC,5,05H,"1,972","2,572","2,701","2,788","4,206",541,"1,442","2,830","3,084","2,863","3,030","4,217",576,"1,796","3,107",0,"2,899","3,166","4,678","1,058","2,432","3,075","3,093","3,179","3,143","4,651",984
성남IC→판교JC,5,06H,"4,138","5,060","5,305","5,279","5,825",960,"2,278","5,326","5,605","5,669","5,613","5,914","1,007","3,026","5,592",0,"5,435","5,817","6,255","1,760","3,739","5,688","5,742","5,439","5,929","5,828","1,801"
성남IC→판교JC,5,07H,"5,626","6,199","6,123","6,320","6,240","1,519","2,473","6,121","6,563","6,401","6,509","6,258","1,424","3,655","6,476",0,"6,253","6,632","6,641","2,165","3,870","6,474","6,481","5,651","6,599","6,803","2,234"
성남IC→판교JC,5,08H,"5,205","5,970","5,890","6,167","5,895","2,052","3,039","6,162","6,199","6,294","6,212","5,909","2,035","4,261","6,404",0,"5,966","6,490","5,978","2,909","4,612","6,239","6,502","6,397","6,432","6,333","2,825"
성남IC→판교JC,5,09H,"5,545","5,755","5,829","6,179","5,379","3,096","4,147","5,895","6,418","5,930","6,234","5,480","2,788","5,228","6,206",0,"5,807","6,398","6,040","4,049","5,345","5,952","6,387","5,740","6,351","6,244","4,121"
성남IC→판교JC,5,10H,"5,476","6,317","5,660","6,069","5,862","4,375","5,220","5,860","5,766","6,233","6,236","5,887","3,841","6,077","6,396",0,"5,899","6,429","6,078","5,174","5,849","5,834","6,132","6,514","6,222","6,154","5,763"
성남IC→판교JC,5,11H,"5,859","5,892","5,361","5,895","5,494","5,194","5,571","5,977","5,731","6,184","5,529","5,513","4,842","6,235","5,964",0,"5,545","5,604","5,737","5,683","6,118","5,556","5,482","5,573","5,328","5,770","6,011"
성남IC→판교JC,5,12H,"5,818","5,864","5,384","5,717","5,285","5,533","5,426","5,654","5,590","5,730","5,550","5,781","5,348","6,024","5,380",0,"5,328","5,578","5,571","5,839","5,896","5,382","5,203","5,277","5,534","5,464","5,951"
성남IC→판교JC,5,13H,"5,809","5,980","5,657","5,983","6,130","5,650","5,510","5,885","5,726","6,154","5,856","5,473","4,779","6,229","6,439",0,"5,780","5,599","5,686","6,440","6,123","5,964","5,572","5,389","5,697","5,628","6,327"
성남IC→판교JC,5,14H,"6,406","6,238","6,228","6,291","6,048","5,900","4,663","6,199","6,106","6,047","5,944","5,937","5,121","6,074","6,320",0,"5,993","6,065","5,949","6,410","6,284","6,159","5,897","5,871","6,132","5,494","6,307"
성남IC→판교JC,5,15H,"6,453","6,328","6,246","6,303","6,265","5,621","4,354","6,497","6,432","6,242","6,328","6,329","5,081","5,270","6,208",0,"6,317","6,197","6,277","6,410","6,669","6,339","6,327","6,176","6,033","6,357","5,623"
성남IC→판교JC,5,16H,"5,078","5,605","5,887","6,420","6,421","5,704","5,757","5,934","6,266","6,033","5,895","6,376","5,644","4,315","4,725",0,"6,616","5,906","5,965","6,135","6,349","4,831","5,795","6,117","6,147","6,465","4,928"
성남IC→판교JC,5,17H,"4,578","4,893","4,257","5,668","6,036","5,213","5,073","4,858","5,361","5,100","5,067","5,776","5,009","4,368","5,057",0,"5,738","5,337","5,407","5,626","5,677","4,857","5,383","5,267","5,565","5,844","5,640"
성남IC→판교JC,5,18H,"4,466","4,907","4,853","5,184","5,108","4,007","3,866","4,675","5,355","4,972","5,199","5,472","3,994","4,115","4,707",0,"5,095","4,877","5,576","5,360","5,056","4,726","5,178","5,431","5,366","5,231","5,078"
성남IC→판교JC,5,19H,"4,008","4,381","4,328","4,168","3,906","4,209","3,063","4,713","4,595","4,809","4,645","3,991","3,580","3,483","4,871",0,"4,189","3,984","4,200","5,186","4,408","4,461","4,204","4,275","4,335","4,168","4,857"
성남IC→판교JC,5,20H,"3,861","3,820","3,586","3,450","3,296","4,383","3,197","3,657","3,907","3,786","3,722","3,505","3,596","2,736","4,288",0,"3,591","3,297","3,355","4,778","3,731","4,124","3,419","3,468","3,537","3,496","4,879"
성남IC→판교JC,5,21H,"3,826","3,816","3,579","3,417","3,084","4,116","3,589","3,920","3,862","3,750","3,416","3,211","3,404","2,681","3,770",0,"3,010","2,831","2,844","4,269","3,484","3,715","3,164","3,011","2,954","3,003","4,315"
성남IC→판교JC,5,22H,"2,864","2,591","2,481","2,296","1,996","2,860","2,679","2,932","2,685","2,482","2,290","1,976","2,575","1,962","3,200",0,"2,277","2,120","2,105","2,994","2,929","3,025","2,419","2,210","2,321","2,113","3,209"
성남IC→판교JC,5,23H,"1,336","1,449","1,329","1,220","1,158","1,426","1,483","1,613","1,470","1,387","1,277","1,198","1,460","1,062","2,181",0,"1,522","1,462","1,298","1,615","1,769","2,013","1,615","1,383","1,514","1,386","1,795"
조남JC→도리JC,6,00H,847,787,737,687,680,641,907,846,823,774,674,627,515,"1,275",927,0,865,802,862,"1,085","1,194","1,002",874,937,820,786,"1,110"
조남JC→도리JC,6,01H,552,526,520,508,465,393,493,578,528,505,520,436,349,828,673,0,597,532,507,673,811,654,620,592,573,529,699
조남JC→도리JC,6,02H,484,430,461,389,356,274,441,464,506,423,411,345,263,525,507,0,440,447,385,470,611,515,500,499,497,409,438
조남JC→도리JC,6,03H,435,411,382,384,334,210,374,427,414,437,428,348,200,467,432,0,419,399,419,315,518,479,444,441,452,432,324
조남JC→도리JC,6,04H,517,590,608,532,547,188,456,689,611,641,558,679,222,546,661,0,592,605,672,346,660,671,629,653,668,683,329
조남JC→도리JC,6,05H,"1,271","1,651","1,669","1,642","1,887",348,917,"1,680","1,811","1,847","1,744","2,133",361,"1,136","1,754",0,"1,725","1,816","2,169",613,"1,464","1,958","1,892","1,917","1,956","2,407",611
조남JC→도리JC,6,06H,"2,469","2,979","3,074","3,154","3,553",577,"1,299","3,155","3,294","3,082","3,300","3,735",657,"1,883","3,250",0,"2,228","3,373","3,755",932,"2,111","3,304","3,363","3,259","3,444","3,629","1,047"
조남JC→도리JC,6,07H,"3,778","4,261","4,256","4,306","5,035",805,"1,430","4,316","4,679","4,134","4,643","5,055",841,"2,083","4,455",0,"4,283","4,684","5,365","1,239","2,397","4,539","4,728","4,486","4,854","5,088","1,544"
조남JC→도리JC,6,08H,"3,889","4,201","4,166","4,296","4,099","1,262","2,047","4,358","4,494","4,820","4,362","4,705","1,270","2,904","4,442",0,"4,506","4,433","4,457","1,843","3,088","4,273","4,301","4,394","4,426","4,529","1,958"
조남JC→도리JC,6,09H,"3,921","4,343","4,192","4,437","4,299","2,127","2,985","4,429","4,761","4,698","4,403","4,679","2,100","3,759","4,618",0,"4,457","4,837","4,484","2,905","4,106","4,317","4,338","3,861","4,536","4,398","3,274"
조남JC→도리JC,6,10H,"4,445","4,966","4,662","4,764","4,698","3,212","4,236","4,752","5,091","4,635","3,958","4,548","3,034","4,418","4,857",0,"4,895","4,683","5,113","4,094","4,700","4,561","4,493","3,752","4,646","4,517","4,657"
조남JC→도리JC,6,11H,"4,334","4,710","4,755","4,735","4,437","4,118","4,771","4,891","5,131","4,169","4,597","4,453","3,895","5,189","4,911",0,"4,484","4,855","4,978","4,615","5,785","4,734","4,747","5,058","4,604","4,467","5,137"
조남JC→도리JC,6,12H,"4,272","5,003",973,"4,724","4,050","4,490","4,593","4,805","4,871","4,675","4,439","4,683","4,485","5,792","5,006",0,"4,818","4,567","4,788","4,337","5,379","4,901","4,479","4,072","4,666","4,661","5,774"
조남JC→도리JC,6,13H,"5,716","4,850","2,607","4,803","4,736","4,601","4,661","4,946","5,181","4,971","4,439","4,935","4,239","5,844","5,242",0,"4,692","4,905","5,067","5,182","5,660","5,023","4,860","5,325","4,854","4,812","5,762"
조남JC→도리JC,6,14H,"6,270","6,124","5,581","5,547","5,510","4,902","4,781","6,069","6,023","5,479","5,416","5,115","4,837","5,265","5,903",0,"5,141","5,019","5,616","5,622","6,110","5,912","4,923","5,839","5,790","5,364","5,533"
조남JC→도리JC,6,15H,"6,899","6,638","6,208","5,740","5,937","5,161","4,816","6,550","5,019","6,591","5,881","5,564","4,668","5,366","5,991",0,"5,793","5,919","6,091","6,137","6,456","6,433","5,965","6,222","6,014","6,299","5,728"
조남JC→도리JC,6,16H,"6,338","6,591","6,426","6,667","6,062","5,190","5,472","6,840","6,464","6,372","6,720","6,225","5,254","5,148","6,571",0,"6,375","6,214","6,282","5,500","6,740","6,875","6,822","6,956","6,348","7,003","5,378"
조남JC→도리JC,6,17H,"6,453","6,618","6,655","6,364","6,594","4,791","4,789","6,658","6,708","6,627","6,626","6,217","4,430","4,569","6,392",0,"6,439","5,938","6,516","5,504","6,512","6,363","6,423","6,549","6,865","6,395","5,536"
조남JC→도리JC,6,18H,"6,237","6,195","5,884","6,351","5,277","3,861","3,667","6,547","6,470","6,377","6,303","6,395","3,539","4,322","6,882",0,"6,379","6,178","6,378","4,754","5,923","6,810","6,305","6,073","6,097","6,013","4,777"
조남JC→도리JC,6,19H,"5,754","5,582","4,980","4,675","4,084","3,204","2,722","6,064","5,275","5,538","5,456","5,247","2,817","3,116","5,627",0,"4,655","5,018","4,696","4,014","4,375","5,089","4,943","4,919","5,214","4,355","4,211"
조남JC→도리JC,6,20H,"4,248","4,007","3,813","3,575","3,251","3,112","2,449","5,444","5,031","4,624","3,873","3,465","2,721","2,796","5,754",0,"3,670","4,302","3,522","3,687","3,414","5,038","3,845","3,901","3,835","3,646","4,118"
조남JC→도리JC,6,21H,"3,732","3,658","3,329","3,164","2,777","2,872","2,866","4,845","3,723","3,420","3,433","2,891","2,585","2,483","4,822",0,"2,813","2,871","2,765","3,220","3,180","4,669","3,039","2,973","2,965","2,924","3,523"
조남JC→도리JC,6,22H,"2,842","2,481","2,393","2,177","1,844","2,090","2,012","3,187","2,615","2,363","2,236","1,981","1,836","1,740","2,792",0,"2,186","2,116","1,921","2,369","2,644","3,262","2,170","2,372","2,307","1,991","2,699"
조남JC→도리JC,6,23H,"1,490","1,344","1,348","1,154","1,067","1,175","1,248","1,578","1,386","1,309","1,238","1,133","1,104",964,"1,970",0,"1,428","1,322","1,238","1,393","1,650","1,952","1,604","1,681","1,558","1,364","1,528"
동군포IC→부곡IC,7,00H,810,735,720,729,714,606,909,877,833,848,843,757,713,"1,055",989,0,855,832,871,902,"1,142",871,928,895,878,886,875
동군포IC→부곡IC,7,01H,573,586,597,553,472,551,696,720,694,699,625,616,505,844,733,0,750,701,617,637,875,756,774,701,704,667,618
동군포IC→부곡IC,7,02H,562,542,500,471,526,428,603,636,623,673,666,562,418,683,660,0,620,666,576,531,683,671,620,651,673,583,467
동군포IC→부곡IC,7,03H,545,553,535,586,656,246,653,713,709,720,684,670,349,685,706,0,678,729,727,477,752,700,736,708,742,770,486
동군포IC→부곡IC,7,04H,787,879,914,955,"1,392",351,788,"1,074","1,102","1,044","1,147","1,467",544,939,"1,074",0,"1,041","1,106","1,607",626,"1,127","1,073","1,110","1,111","1,143","1,648",612
동군포IC→부곡IC,7,05H,"2,011","2,487","2,653","2,666","3,774",701,"1,588","2,821","2,995","3,059","3,114","3,732",966,"2,321","2,939",0,"2,902","3,258","4,053","1,426","3,147","3,337","3,350","3,335","3,457","4,161","1,436"
동군포IC→부곡IC,7,06H,"3,237","3,846","3,790","3,881","4,356","1,135","2,307","4,197","4,370","4,442","4,112","3,913","1,266","3,285","4,483",0,"4,129","4,572","4,264","1,997","3,980","4,409","4,582","4,533","4,440","4,061","2,169"
동군포IC→부곡IC,7,07H,"4,040","4,166","4,012","4,065","3,998","1,573","2,353","4,412","4,045","4,028","3,891","3,708","1,742","3,299","4,187",0,"3,667","4,181","4,123","2,169","3,407","4,130","4,054","4,048","4,085","3,988","2,424"
동군포IC→부곡IC,7,08H,"3,604","3,931","4,067","3,937","3,805","1,961","2,608","4,536","4,100","3,887","3,905","3,959","2,078","3,557","3,940",0,"3,664","4,116","3,792","2,393","3,769","3,976","4,151","3,881","3,987","3,829","2,327"
동군포IC→부곡IC,7,09H,"3,795","3,919","3,951","4,045","4,009","2,450","3,290","4,556","4,008","3,984","3,924","3,872","2,510","4,353","4,057",0,"3,626","4,069","3,954","3,333","4,674","3,752","4,184","3,913","4,006","4,007","3,477"
동군포IC→부곡IC,7,10H,"3,967","3,983","3,657","3,982","3,914","3,257","3,893","4,574","4,198","3,996","3,976","3,502","3,216","4,382","4,060",0,"3,778","4,220","3,914","4,066","4,625","3,754","4,253","4,024","4,056","3,972","4,060"
동군포IC→부곡IC,7,11H,"4,055","4,138","3,744","4,041","4,189","3,695","4,146","4,286","4,111","3,541","3,959","3,946","3,818","4,452","4,053",0,"4,007","4,389","3,929","4,096","4,241","3,891","4,312","4,087","4,301","4,091","4,157"
동군포IC→부곡IC,7,12H,"4,027","4,158","3,966","3,981","4,424","3,976","3,660","4,475","4,025","4,039","4,156","3,952","3,875","4,605","4,262",0,"4,145","4,127","3,942","4,162","4,362","4,010","4,178","4,073","4,290","3,825","4,183"
동군포IC→부곡IC,7,13H,"4,403","4,093","4,214","4,059","4,281","4,065","4,033","4,448","4,113","4,392","3,957","4,127","3,899","4,752","4,304",0,"3,973","4,230","3,918","4,289","3,874","4,419","3,981","3,744","4,154","3,943","4,294"
동군포IC→부곡IC,7,14H,"4,087","4,364","4,091","4,284","4,185","4,205","4,057","4,300","4,566","4,325","4,198","4,180","3,785","3,932","4,590",0,"4,416","4,332","3,984","4,445","4,401","4,347","4,306","4,097","4,101","4,035","4,240"
동군포IC→부곡IC,7,15H,"4,082","4,312","3,989","4,139","3,965","4,208","3,832","4,050","4,462","4,454","4,051","4,109","4,089","2,890","4,237",0,"4,413","4,121","3,930","4,302","4,436","4,310","4,133","4,219","3,980","4,051","4,586"
동군포IC→부곡IC,7,16H,"4,142","4,462","4,024","4,276","4,399","4,201","3,882","4,364","4,611","4,520","4,408","4,561","3,888","3,063","4,171",0,"4,670","4,060","4,362","3,955","4,493","4,171","4,531","4,611","4,307","4,632","4,607"
동군포IC→부곡IC,7,17H,"4,164","4,283","4,105","4,360","4,420","3,417","3,467","4,087","4,512","4,334","4,555","4,496","3,352","3,419","4,053",0,"4,351","4,014","4,640","4,018","4,338","4,117","4,531","4,474","4,476","4,426","4,195"
동군포IC→부곡IC,7,18H,"4,114","4,253","4,255","4,222","4,250","2,931","2,731","4,125","4,246","4,241","4,251","4,152","3,025","3,090","4,087",0,"4,364","3,943","4,558","3,503","3,735","3,989","4,266","4,327","4,503","4,366","3,633"
동군포IC→부곡IC,7,19H,"4,089","3,809","3,726","3,564","3,400","2,725","2,024","4,106","3,759","3,806","3,680","3,785","2,762","2,209","4,236",0,"3,784","3,549","3,689","3,264","2,686","4,325","3,893","3,806","3,914","3,690","3,378"
동군포IC→부곡IC,7,20H,"2,896","2,843","2,724","2,805","2,559","2,731","2,031","3,453","3,012","3,039","2,776","2,789","2,861","1,836","3,424",0,"2,581","2,624","2,761","3,071","2,421","3,400","2,760","2,633","2,661","2,728","3,379"
동군포IC→부곡IC,7,21H,"2,533","2,749","2,542","2,496","2,345","2,717","2,224","2,967","2,862","2,653","2,582","2,534","2,631","1,845","2,959",0,"2,300","2,289","2,293","2,902","2,286","2,949","2,403","2,250","2,357","2,247","3,039"
동군포IC→부곡IC,7,22H,"2,156","1,866","1,729","1,669","1,613","1,946","1,623","2,079","1,885","1,820","1,748","1,665","1,954","1,392","2,092",0,"1,746","1,662","1,586","2,191","1,875","2,284","1,712","1,639","1,749","1,650","2,265"
동군포IC→부곡IC,7,23H,"1,321","1,123","1,109",995,967,"1,076",937,"1,317","1,217","1,198","1,187","1,053","1,207",922,"1,510",0,"1,248","1,147","1,129","1,336","1,249","1,474","1,236","1,296","1,163","1,117","1,466"
동수원IC→신갈JC,8,00H,806,757,671,654,674,518,836,817,781,776,764,697,500,"1,020",863,0,765,789,852,743,"1,084",807,831,790,826,821,768
동수원IC→신갈JC,8,01H,649,622,618,498,439,357,578,661,657,683,592,515,378,815,741,0,694,685,560,516,880,665,696,664,666,567,544
동수원IC→신갈JC,8,02H,592,552,549,462,443,266,529,585,567,587,639,478,279,612,603,0,624,649,522,411,692,649,618,653,653,524,413
동수원IC→신갈JC,8,03H,589,597,616,568,559,263,509,634,652,676,599,578,270,599,652,0,604,667,685,360,653,686,697,669,699,692,395
동수원IC→신갈JC,8,04H,812,898,917,859,"1,102",313,603,"1,006",972,995,"1,036","1,290",343,862,999,0,971,"1,021","1,387",480,"1,047",998,967,"1,086","1,063","1,431",482
동수원IC→신갈JC,8,05H,"1,930","2,363","2,535","2,333","3,223",547,"1,269","2,575","2,616","2,706","2,773","3,663",795,"2,108","2,709",0,"2,616","3,002","3,993","1,300","2,928","3,026","3,052","2,973","3,125","4,266","1,341"
동수원IC→신갈JC,8,06H,"3,750","4,464","4,778","4,544","5,732","1,011","2,376","4,726","5,111","5,163","5,059","5,835","1,385","3,613","5,132",0,"5,057","5,506","6,260","2,493","4,999","5,651","5,742","5,696","5,547","6,624","2,561"
동수원IC→신갈JC,8,07H,"5,408","5,931","6,198","5,698","6,218","1,544","2,734","5,834","6,644","6,537","5,560","6,142","1,877","3,964","6,331",0,"6,271","6,628","6,522","2,651","4,567","6,475","6,634","6,658","6,698","6,719","2,585"
동수원IC→신갈JC,8,08H,"4,773","5,217","5,710","4,935","4,605","1,966","2,886","5,473","5,849","5,607","6,270","5,229","2,277","4,044","5,534",0,"5,906","6,074","5,280","2,897","4,318","5,637","5,552","5,546","5,987","4,969","2,686"
동수원IC→신갈JC,8,09H,"4,718","5,191","5,061","4,765","4,697","2,487","3,780","5,422","5,600","5,383","5,471","4,898","2,829","4,876","5,391",0,"5,002","5,611","5,452","3,803","5,366","5,140","5,920","5,829","5,797","5,254","3,871"
동수원IC→신갈JC,8,10H,"5,242","5,304","4,684","4,871","4,709","3,325","4,684","5,519","5,721","5,050","5,174","5,019","3,426","4,776","5,507",0,"4,964","5,533","4,965","4,622","5,125","5,370","5,928","5,404","5,505","5,560","4,694"
동수원IC→신갈JC,8,11H,"5,258","5,264","4,605","4,558","4,619","3,635","5,061","5,143","5,088","4,321","4,527","4,739","3,872","4,194","4,995",0,"4,515","4,866","4,555","4,282","4,707","5,214","5,054","4,507","4,901","5,058","4,401"
동수원IC→신갈JC,8,12H,"4,986","5,025","4,650","4,073","4,388","3,967","4,360","4,980","4,604","4,387","4,483","4,494","3,909","4,482","4,768",0,"4,361","4,461","4,148","4,139","4,551","4,419","4,251","4,152","4,394","4,275","4,294"
동수원IC→신갈JC,8,13H,"5,112","4,782","4,636","4,019","4,352","4,302","4,665","4,688","4,606","4,269","4,051","4,228","3,974","4,920","4,631",0,"3,777","3,991","3,968","4,407","4,526","4,519","3,920","3,510","4,085","3,977","4,407"
동수원IC→신갈JC,8,14H,"5,324","4,657","4,280","4,244","4,026","4,352","4,788","4,872","4,511","4,152","4,050","4,186","4,257","4,591","4,628",0,"4,102","4,169","3,741","4,469","4,948","4,590","4,178","3,828","3,916","4,266","4,269"
동수원IC→신갈JC,8,15H,"5,202","4,373","4,019","3,910","3,931","4,201","4,288","4,928","4,024","3,914","3,805","3,863","4,296","3,393","4,634",0,"4,101","3,880","3,560","4,339","4,811","4,576","3,777","3,926","3,671","3,937","4,466"
동수원IC→신갈JC,8,16H,"5,143","4,292","3,928","3,851","4,009","4,005","3,933","4,877","4,061","3,874","3,821","3,890","3,716","3,757","4,501",0,"3,892","3,542","3,687","3,794","4,595","4,606","3,898","4,161","3,786","4,024","4,345"
동수원IC→신갈JC,8,17H,"4,781","3,811","3,269","3,411","3,230","3,443","3,206","4,713","3,706","3,542","3,632","3,486","3,152","3,475","4,312",0,"3,438","3,126","3,680","3,640","3,997","4,317","3,726","3,518","3,524","3,558","3,790"
동수원IC→신갈JC,8,18H,"4,396","3,468","3,054","2,822","3,020","3,011","2,486","4,184","3,305","3,070","3,300","3,159","2,984","2,979","3,906",0,"3,174","2,914","3,213","3,176","3,287","4,089","3,228","3,175","3,182","3,159","3,185"
동수원IC→신갈JC,8,19H,"4,349","3,155","2,722","2,458","2,455","2,765","1,832","3,831","2,862","2,710","2,692","2,686","2,671","2,227","3,524",0,"2,727","2,543","2,700","3,132","2,602","3,643","2,854","2,624","2,765","2,622","3,134"
동수원IC→신갈JC,8,20H,"2,702","2,614","2,391","2,225","1,990","2,696","1,701","3,601","2,477","2,418","2,402","2,306","2,667","1,828","3,204",0,"2,141","2,165","2,322","2,915","2,160","3,259","2,307","2,117","2,213","2,139","3,198"
동수원IC→신갈JC,8,21H,"2,901","2,577","2,402","2,110","1,997","2,542","1,768","2,986","2,480","2,432","2,328","2,287","2,570","1,667","2,823",0,"2,087","2,005","2,041","2,746","2,015","2,838","2,143","2,035","2,070","2,049","2,800"
동수원IC→신갈JC,8,22H,"2,455","1,949","1,749","1,589","1,492","1,923","1,396","2,245","1,808","1,771","1,669","1,636","2,016","1,331","2,169",0,"1,664","1,580","1,578","2,232","1,622","2,197","1,640","1,547","1,633","1,598","2,297"
동수원IC→신갈JC,8,23H,"1,590","1,227","1,149",924,858,"1,070",847,"1,307","1,184","1,155","1,069","1,064","1,200",769,"1,465",0,"1,161","1,052","1,049","1,344","1,106","1,452","1,167","1,191","1,137","1,083","1,436"
신갈JC→동수원IC,9,00H,"1,026",993,896,886,880,713,"1,052","1,049",968,943,834,905,664,"1,202","1,015",0,923,998,"1,021","1,036","1,289","1,039",925,951,953,"1,045",979
신갈JC→동수원IC,9,01H,723,701,729,654,616,429,691,748,736,714,677,614,467,856,748,0,709,704,665,594,863,782,708,733,772,678,647
신갈JC→동수원IC,9,02H,620,587,578,556,477,351,585,596,634,601,617,487,393,664,600,0,588,624,499,424,684,586,578,616,601,496,458
신갈JC→동수원IC,9,03H,579,529,531,564,433,304,455,590,553,539,569,452,330,576,554,0,535,540,445,352,570,559,521,555,571,503,347
신갈JC→동수원IC,9,04H,617,608,690,677,594,293,539,701,722,679,692,692,313,620,704,0,689,682,679,326,688,756,708,751,759,718,355
신갈JC→동수원IC,9,05H,994,"1,202","1,197","1,281","1,372",364,743,"1,278","1,337","1,281","1,332","1,411",368,903,"1,281",0,"1,268","1,344","1,560",467,"1,036","1,365","1,429","1,348","1,400","1,617",529
신갈JC→동수원IC,9,06H,"1,684","2,109","1,998","2,185","2,407",464,"1,082","2,243","2,314","2,208","2,292","2,419",564,"1,426","2,213",0,"2,206","2,356","2,629",747,"1,559","2,301","2,363","2,267","2,441","2,616",840
신갈JC→동수원IC,9,07H,"2,403","2,594","2,558","2,662","2,925",635,"1,174","2,634","2,801","2,571","2,828","2,656",726,"1,698","2,778",0,"2,707","2,835","2,924",899,"1,761","2,817","2,855","2,782","2,877","2,920","1,171"
신갈JC→동수원IC,9,08H,"3,013","3,289","3,292","3,453","3,642",996,"1,562","3,278","3,662","3,332","3,574","3,694","1,259","2,342","3,552",0,"3,516","3,779","4,005","1,464","2,441","3,583","3,715","3,529","3,718","3,583","1,530"
신갈JC→동수원IC,9,09H,"3,009","3,373","3,322","3,525","3,429","1,627","2,346","3,521","3,716","3,643","3,482","3,437","1,817","3,061","3,734",0,"3,420","3,605","3,591","2,243","3,055","3,697","3,830","3,682","3,332","3,340","2,341"
신갈JC→동수원IC,9,10H,"3,534","3,581","3,340","3,807","3,592","2,542","2,994","3,628","3,720","3,980","3,623","3,684","2,758","3,592","3,811",0,"3,399","3,797","3,758","3,260","3,662","3,396","4,001","3,828","3,321","3,362","3,405"
신갈JC→동수원IC,9,11H,"3,753","3,713","3,365","3,596","3,513","3,449","3,340","3,731","3,635","3,853","3,890","3,727","3,698","4,236","3,934",0,"3,434","3,825","3,831","4,160","3,936","3,624","3,815","3,816","3,634","3,756","4,079"
신갈JC→동수원IC,9,12H,"4,187","3,455","3,531","3,731","3,744","3,835","3,568","4,044","3,742","3,450","3,913","3,787","4,190","4,222","4,100",0,"3,775","3,746","3,927","4,572","3,989","4,064","3,891","3,885","3,989","3,830","4,225"
신갈JC→동수원IC,9,13H,"4,441","3,622","3,957","4,165","4,063","4,200","3,586","4,523","4,106","4,088","4,013","3,870","4,129","4,220","4,416",0,"4,007","4,058","3,899","4,610","4,232","4,278","4,210","4,249","4,433","3,832","4,700"
신갈JC→동수원IC,9,14H,"4,701","4,403","4,674","4,786","4,555","4,120","3,663","4,425","4,408","4,649","4,535","4,262","4,287","4,387","4,909",0,"4,505","4,472","4,640","4,653","4,456","4,892","4,787","4,694","4,790","4,523","4,374"
신갈JC→동수원IC,9,15H,"4,746","4,858","5,024","4,893","4,773","4,098","3,990","4,718","5,009","5,020","4,891","4,758","3,827","4,165","4,673",0,"4,724","4,748","4,842","4,288","4,733","4,983","4,905","4,915","4,941","4,990","4,677"
신갈JC→동수원IC,9,16H,"5,007","5,027","4,693","5,057","4,933","4,477","3,754","4,704","5,097","5,066","4,763","5,039","4,160","4,358","4,710",0,"5,072","5,173","5,103","4,678","4,684","4,378","4,772","4,971","4,914","5,001","4,485"
신갈JC→동수원IC,9,17H,"4,219","4,728","3,962","4,936","4,634","4,511","4,297","4,250","4,932","4,202","4,615","4,246","4,045","4,251","3,963",0,"4,647","4,295","4,935","4,776","4,256","4,103","4,685","5,214","4,581","4,919","4,476"
신갈JC→동수원IC,9,18H,"4,776","4,491","3,975","4,369","4,568","3,777","3,568","4,159","4,924","4,241","4,710","4,098","3,296","4,315","3,536",0,"4,934","4,441","4,396","4,203","4,651","4,241","4,173","4,585","4,507","4,481","4,279"
신갈JC→동수원IC,9,19H,"3,825","4,469","3,882","3,645","3,411","3,075","2,739","3,995","4,381","4,273","3,935","3,615","2,794","3,706","4,524",0,"3,641","3,725","3,849","4,148","4,193","4,764","4,281","4,177","4,034","3,790","4,021"
신갈JC→동수원IC,9,20H,"3,326","3,859","3,177","3,030","2,599","2,883","2,567","3,544","3,524","3,356","3,275","2,945","2,659","2,656","3,776",0,"3,007","2,907","3,091","3,546","3,291","3,595","3,510","3,278","3,172","3,172","3,907"
신갈JC→동수원IC,9,21H,"3,129","3,029","2,766","2,488","2,335","2,718","2,842","3,936","3,050","2,803","2,724","2,438","2,610","2,200","3,738",0,"2,453","2,384","2,364","3,200","3,171","3,689","2,695","2,599","2,571","2,540","3,443"
신갈JC→동수원IC,9,22H,"2,355","2,125","1,960","1,845","1,779","2,140","1,868","2,662","2,270","2,070","1,945","1,798","1,967","1,606","2,758",0,"1,871","1,880","1,759","2,398","2,337","2,655","2,015","1,864","1,802","1,810","2,609"
신갈JC→동수원IC,9,23H,"1,390","1,459","1,365","1,268","1,153","1,408","1,119","1,572","1,414","1,347","1,254","1,169","1,351",995,"1,821",0,"1,476","1,321","1,212","1,598","1,495","1,763","1,323","1,272","1,250","1,167","1,667"
